# <algo_id>, <set_1>, <set_2>, <set_3>, <set_4>, <set_5>, <set_6>, <set_7>, <set_8>, <set_9>, <set_10>, <set_11>, <set_12>, <set_13>
-1, -3, -2, 1, 2, 3, 4, 5, 6, 7, 8, 9, 10, 11
0, 0, 1, 1, 2, 10, 2, 1, 3, 1, 4, 10, 2, 1
1, 0, 1, 1, 2, 10, 2, 1, 1, 6, 1, 10, 2, 1
2, 0, 1, 1, 2, 10, 2, 1, 3, 1, 1, 10, 2, 1
3, 0, 1, 1, 2, 10, 2, 1, 1, 6, 4, 10, 2, 1
4, 0, 1, 1, 2, 10, 2, 1, 3, 1, 1, 10, 2, 1
5, 0, 1, 1, 2, 10, 2, 1, 1, 6, 1, 10, 2, 1
6, 0, 1, 1, 2, 10, 2, 1, 3, 1, 4, 10, 2, 1
7, 0, 1, 1, 2, 10, 2, 1, 1, 6, 1, 10, 2, 1
8, 0, 1, 1, 2, 10, 2, 1, 3, 1, 1, 10, 2, 1
9, 0, 1, 1, 2, 10, 2, 1, 1, 6, 4, 10, 2, 1
10, 0, 1, 1, 2, 10, 2, 1, 3, 1, 1, 10, 2, 1
11, 0, 1, 1, 2, 10, 2, 1, 1, 6, 1, 10, 2, 1
12, 0, 1, 1, 2, 10, 2, 1, 3, 1, 4, 10, 2, 1
13, 0, 1, 1, 2, 10, 2, 1, 1, 6, 1, 10, 2, 1
14, 0, 1, 1, 2, 10, 2, 1, 3, 1, 1, 10, 2, 1
15, 0, 1, 1, 2, 10, 2, 1, 1, 6, 4, 10, 2, 1
16, 0, 1, 1, 2, 10, 2, 1, 3, 1, 1, 10, 2, 1
17, 0, 1, 1, 2, 10, 2, 1, 1, 6, 1, 10, 2, 1
18, 0, 1, 1, 2, 10, 2, 1, 3, 1, 4, 10, 2, 1
19, 0, 1, 1, 2, 10, 2, 1, 1, 6, 1, 10, 2, 1
20, 0, 1, 1, 2, 10, 2, 1, 3, 1, 1, 10, 2, 1
21, 0, 1, 1, 2, 10, 2, 1, 1, 6, 4, 10, 2, 1
22, 0, 1, 1, 2, 10, 2, 1, 3, 1, 1, 10, 2, 1
23, 0, 1, 1, 2, 10, 2, 1, 1, 6, 1, 10, 2, 1
24, 0, 1, 1, 2, 10, 2, 1, 3, 1, 4, 10, 2, 1
25, 0, 1, 1, 2, 10, 2, 1, 1, 6, 1, 10, 2, 1
26, 0, 1, 1, 2, 10, 2, 1, 3, 1, 1, 10, 2, 1
27, 0, 1, 1, 2, 10, 2, 1, 1, 6, 4, 10, 2, 1
28, 0, 1, 1, 2, 10, 2, 1, 3, 1, 1, 10, 2, 1
29, 0, 1, 1, 2, 10, 2, 1, 1, 6, 1, 10, 2, 1
30, 0, 1, 1, 2, 10, 2, 1, 3, 1, 4, 10, 2, 1
31, 0, 1, 1, 2, 10, 2, 1, 1, 6, 1, 10, 2, 1
32, 0, 1, 1, 2, 10, 2, 1, 3, 1, 1, 10, 2, 1
33, 0, 1, 1, 2, 10, 2, 1, 1, 6, 4, 10, 2, 1
34, 0, 1, 1, 2, 10, 2, 1, 3, 1, 1, 10, 2, 1
35, 0, 1, 1, 2, 10, 2, 1, 1, 6, 1, 10, 2, 1
36, 0, 1, 1, 2, 10, 2, 1, 3, 1, 4, 10, 2, 1
37, 0, 1, 1, 2, 10, 2, 1, 1, 6, 1, 10, 2, 1
38, 0, 1, 1, 2, 10, 2, 1, 3, 1, 1, 10, 2, 1
39, 0, 1, 1, 2, 10, 2, 1, 1, 6, 4, 10, 2, 1
40, 0, 1, 1, 2, 10, 2, 1, 3, 1, 1, 10, 2, 1
41, 0, 1, 1, 2, 10, 2, 1, 1, 6, 1, 10, 2, 1
42, 0, 1, 1, 2, 10, 2, 1, 3, 1, 4, 10, 2, 1
43, 0, 1, 1, 2, 10, 2, 1, 1, 6, 1, 10, 2, 1
44, 0, 1, 1, 2, 10, 2, 1, 3, 1, 1, 10, 2, 1
45, 0, 1, 1, 2, 10, 2, 1, 1, 6, 4, 10, 2, 1
46, 0, 1, 1, 2, 10, 2, 1, 3, 1, 1, 10, 2, 1
47, 0, 1, 1, 2, 10, 2, 1, 1, 6, 1, 10, 2, 1
48, 0, 1, 1, 2, 10, 2, 1, 3, 1, 4, 10, 2, 1
49, 0, 1, 1, 2, 10, 2, 1, 1, 6, 1, 10, 2, 1
50, 0, 1, 1, 2, 10, 2, 1, 3, 1, 1, 10, 2, 1
51, 0, 1, 1, 2, 10, 2, 1, 1, 6, 4, 10, 2, 1
52, 0, 1, 1, 2, 10, 2, 1, 3, 1, 1, 10, 2, 1
53, 0, 1, 1, 2, 10, 2, 1, 1, 6, 1, 10, 2, 1
54, 0, 1, 1, 2, 10, 2, 1, 3, 1, 4, 10, 2, 1
55, 0, 1, 1, 2, 10, 2, 1, 1, 6, 1, 10, 2, 1
56, 0, 1, 1, 2, 10, 2, 1, 3, 1, 1, 10, 2, 1
57, 0, 1, 1, 2, 10, 2, 1, 1, 6, 4, 10, 2, 1
58, 0, 1, 1, 2, 10, 2, 1, 3, 1, 1, 10, 2, 1
59, 0, 1, 1, 2, 10, 2, 1, 1, 6, 1, 10, 2, 1
60, 0, 1, 1, 2, 10, 2, 1, 3, 1, 4, 10, 2, 1
61, 0, 1, 1, 2, 10, 2, 1, 1, 6, 1, 10, 2, 1
62, 0, 1, 1, 2, 10, 2, 1, 3, 1, 1, 10, 2, 1
63, 0, 1, 1, 2, 10, 2, 1, 1, 6, 4, 10, 2, 1
64, 0, 1, 1, 2, 10, 2, 1, 3, 1, 1, 10, 2, 1
65, 0, 1, 1, 2, 10, 2, 1, 1, 6, 1, 10, 2, 1
66, 0, 1, 1, 2, 10, 2, 1, 3, 1, 4, 10, 2, 1
67, 0, 1, 1, 2, 10, 2, 1, 1, 6, 1, 10, 2, 1
68, 0, 1, 1, 2, 10, 2, 1, 3, 1, 1, 10, 2, 1
69, 0, 1, 1, 2, 10, 2, 1, 1, 6, 4, 10, 2, 1
70, 0, 1, 1, 2, 10, 2, 1, 3, 1, 1, 10, 2, 1
71, 0, 1, 1, 2, 10, 2, 1, 1, 6, 1, 10, 2, 1
72, 0, 1, 1, 2, 10, 2, 1, 3, 1, 4, 10, 2, 1
73, 0, 1, 1, 2, 10, 2, 1, 1, 6, 1, 10, 2, 1
74, 0, 1, 1, 2, 10, 2, 1, 3, 1, 1, 10, 2, 1
75, 0, 1, 1, 2, 10, 2, 1, 1, 6, 4, 10, 2, 1
76, 0, 1, 1, 2, 10, 2, 1, 3, 1, 1, 10, 2, 1
77, 0, 1, 1, 2, 10, 2, 1, 1, 6, 1, 10, 2, 1
78, 0, 1, 1, 2, 10, 2, 1, 3, 1, 4, 10, 2, 1
79, 0, 1, 1, 2, 10, 2, 1, 1, 6, 1, 10, 2, 1
80, 0, 1, 1, 2, 10, 2, 1, 3, 1, 1, 10, 2, 1
81, 0, 1, 1, 2, 10, 2, 1, 1, 6, 4, 10, 2, 1
82, 0, 1, 1, 2, 10, 2, 1, 3, 1, 1, 10, 2, 1
83, 0, 1, 1, 2, 10, 2, 1, 1, 6, 1, 10, 2, 1
84, 0, 1, 1, 2, 10, 2, 1, 3, 1, 4, 10, 2, 1
85, 0, 1, 1, 2, 10, 2, 1, 1, 6, 1, 10, 2, 1
86, 0, 1, 1, 2, 10, 2, 1, 3, 1, 1, 10, 2, 1
87, 0, 1, 1, 2, 10, 2, 1, 1, 6, 4, 10, 2, 1
88, 0, 1, 1, 2, 10, 2, 1, 3, 1, 1, 10, 2, 1
89, 0, 1, 1, 2, 10, 2, 1, 1, 6, 1, 10, 2, 1
90, 0, 1, 1, 2, 10, 2, 1, 3, 1, 4, 10, 2, 1
91, 0, 1, 1, 2, 10, 2, 1, 1, 6, 1, 10, 2, 1
92, 0, 1, 1, 2, 10, 2, 1, 3, 1, 1, 10, 2, 1
93, 0, 1, 1, 2, 10, 2, 1, 1, 6, 4, 10, 2, 1
94, 0, 1, 1, 2, 10, 2, 1, 3, 1, 1, 10, 2, 1
95, 0, 1, 1, 2, 10, 2, 1, 1, 6, 1, 10, 2, 1
96, 0, 1, 1, 2, 10, 2, 1, 3, 1, 4, 10, 2, 1
97, 0, 1, 1, 2, 10, 2, 1, 1, 6, 1, 10, 2, 1
98, 0, 1, 1, 2, 10, 2, 1, 3, 1, 1, 10, 2, 1
99, 0, 1, 1, 2, 10, 2, 1, 1, 6, 4, 10, 2, 1
100, 0, 1, 1, 2, 10, 2, 1, 3, 1, 1, 10, 2, 1
101, 0, 1, 1, 2, 10, 2, 1, 1, 6, 1, 10, 2, 1
102, 0, 1, 1, 2, 10, 2, 1, 3, 1, 4, 10, 2, 1
103, 0, 1, 1, 2, 10, 2, 1, 1, 6, 1, 10, 2, 1
104, 0, 1, 1, 2, 10, 2, 1, 3, 1, 1, 10, 2, 1
105, 0, 1, 1, 2, 10, 2, 1, 1, 6, 4, 10, 2, 1
106, 0, 1, 1, 2, 10, 2, 1, 3, 1, 1, 10, 2, 1
107, 0, 1, 1, 2, 10, 2, 1, 1, 6, 1, 10, 2, 1
108, 0, 1, 1, 2, 10, 2, 1, 3, 1, 4, 10, 2, 1
109, 0, 1, 1, 2, 10, 2, 1, 1, 6, 1, 10, 2, 1
110, 0, 1, 1, 2, 10, 2, 1, 3, 1, 1, 10, 2, 1
111, 0, 1, 1, 2, 10, 2, 1, 1, 6, 4, 10, 2, 1
112, 0, 1, 1, 2, 10, 2, 1, 3, 1, 1, 10, 2, 1
113, 0, 1, 1, 2, 10, 2, 1, 1, 6, 1, 10, 2, 1
114, 0, 1, 1, 2, 10, 2, 1, 3, 1, 4, 10, 2, 1
115, 0, 1, 1, 2, 10, 2, 1, 1, 6, 1, 10, 2, 1
116, 0, 1, 1, 2, 10, 2, 1, 3, 1, 1, 10, 2, 1
117, 0, 1, 1, 2, 10, 2, 1, 1, 6, 4, 10, 2, 1
118, 0, 1, 1, 2, 10, 2, 1, 3, 1, 1, 10, 2, 1
119, 0, 1, 1, 2, 10, 2, 1, 1, 6, 1, 10, 2, 1
120, 0, 1, 1, 2, 10, 2, 1, 3, 1, 4, 10, 2, 1
121, 0, 1, 1, 2, 10, 2, 1, 1, 6, 1, 10, 2, 1
122, 0, 1, 1, 2, 10, 2, 1, 3, 1, 1, 10, 2, 1
123, 0, 1, 1, 2, 10, 2, 1, 1, 6, 4, 10, 2, 1
124, 0, 1, 1, 2, 10, 2, 1, 3, 1, 1, 10, 2, 1
125, 0, 1, 1, 2, 10, 2, 1, 1, 6, 1, 10, 2, 1
126, 0, 1, 1, 2, 10, 2, 1, 3, 1, 4, 10, 2, 1
127, 0, 1, 1, 2, 10, 2, 1, 1, 6, 1, 10, 2, 1
128, 0, 1, 1, 2, 10, 2, 1, 3, 1, 1, 10, 2, 1
129, 0, 1, 1, 2, 10, 2, 1, 1, 6, 4, 10, 2, 1
130, 0, 1, 1, 2, 10, 2, 1, 3, 1, 1, 10, 2, 1
131, 0, 1, 1, 2, 10, 2, 1, 1, 6, 1, 10, 2, 1
132, 0, 1, 1, 2, 10, 2, 1, 3, 1, 4, 10, 2, 1
133, 0, 1, 1, 2, 10, 2, 1, 1, 6, 1, 10, 2, 1
134, 0, 1, 1, 2, 10, 2, 1, 3, 1, 1, 10, 2, 1
135, 0, 1, 1, 2, 10, 2, 1, 1, 6, 4, 10, 2, 1
136, 0, 1, 1, 2, 10, 2, 1, 3, 1, 1, 10, 2, 1
137, 0, 1, 1, 2, 10, 2, 1, 1, 6, 1, 10, 2, 1
138, 0, 1, 1, 2, 10, 2, 1, 3, 1, 4, 10, 2, 1
139, 0, 1, 1, 2, 10, 2, 1, 1, 6, 1, 10, 2, 1
140, 0, 1, 1, 2, 10, 2, 1, 3, 1, 1, 10, 2, 1
141, 0, 1, 1, 2, 10, 2, 1, 1, 6, 4, 10, 2, 1
142, 0, 1, 1, 2, 10, 2, 1, 3, 1, 1, 10, 2, 1
143, 0, 1, 1, 2, 10, 2, 1, 1, 6, 1, 10, 2, 1
144, 0, 1, 1, 2, 10, 2, 1, 3, 1, 4, 10, 2, 1
145, 0, 1, 1, 2, 10, 2, 1, 1, 6, 1, 10, 2, 1
146, 0, 1, 1, 2, 10, 2, 1, 3, 1, 1, 10, 2, 1
147, 0, 1, 1, 2, 10, 2, 1, 1, 6, 4, 10, 2, 1
148, 0, 1, 1, 2, 10, 2, 1, 3, 1, 1, 10, 2, 1
149, 0, 1, 1, 2, 10, 2, 1, 1, 6, 1, 10, 2, 1
150, 0, 1, 1, 2, 10, 2, 1, 3, 1, 4, 10, 2, 1
151, 0, 1, 1, 2, 10, 2, 1, 1, 6, 1, 10, 2, 1
152, 0, 1, 1, 2, 10, 2, 1, 3, 1, 1, 10, 2, 1
153, 0, 1, 1, 2, 10, 2, 1, 1, 6, 4, 10, 2, 1
154, 0, 1, 1, 2, 10, 2, 1, 3, 1, 1, 10, 2, 1
155, 0, 1, 1, 2, 10, 2, 1, 1, 6, 1, 10, 2, 1
156, 0, 1, 1, 2, 10, 2, 1, 3, 1, 4, 10, 2, 1
157, 0, 1, 1, 2, 10, 2, 1, 1, 6, 1, 10, 2, 1
158, 0, 1, 1, 2, 10, 2, 1, 3, 1, 1, 10, 2, 1
159, 0, 1, 1, 2, 10, 2, 1, 1, 6, 4, 10, 2, 1
160, 0, 1, 1, 2, 10, 2, 1, 3, 1, 1, 10, 2, 1
161, 0, 1, 1, 2, 10, 2, 1, 1, 6, 1, 10, 2, 1
162, 0, 1, 1, 2, 10, 2, 1, 3, 1, 4, 10, 2, 1
163, 0, 1, 1, 2, 10, 2, 1, 1, 6, 1, 10, 2, 1
164, 0, 1, 1, 2, 10, 2, 1, 3, 1, 1, 10, 2, 1
165, 0, 1, 1, 2, 10, 2, 1, 1, 6, 4, 10, 2, 1
166, 0, 1, 1, 2, 10, 2, 1, 3, 1, 1, 10, 2, 1
167, 0, 1, 1, 2, 10, 2, 1, 1, 6, 1, 10, 2, 1
168, 0, 1, 1, 2, 10, 2, 1, 3, 1, 4, 10, 2, 1
169, 0, 1, 1, 2, 10, 2, 1, 1, 6, 1, 10, 2, 1
170, 0, 1, 1, 2, 10, 2, 1, 3, 1, 1, 10, 2, 1
171, 0, 1, 1, 2, 10, 2, 1, 1, 6, 4, 10, 2, 1
172, 0, 1, 1, 2, 10, 2, 1, 3, 1, 1, 10, 2, 1
173, 0, 1, 1, 2, 10, 2, 1, 1, 6, 1, 10, 2, 1
174, 0, 1, 1, 2, 10, 2, 1, 3, 1, 4, 10, 2, 1
175, 0, 1, 1, 2, 10, 2, 1, 1, 6, 1, 10, 2, 1
176, 0, 1, 1, 2, 10, 2, 1, 3, 1, 1, 10, 2, 1
177, 0, 1, 1, 2, 10, 2, 1, 1, 6, 4, 10, 2, 1
178, 0, 1, 1, 2, 10, 2, 1, 3, 1, 1, 10, 2, 1
179, 0, 1, 1, 2, 10, 2, 1, 1, 6, 1, 10, 2, 1
180, 0, 1, 1, 2, 10, 2, 1, 3, 1, 4, 10, 2, 1
181, 0, 1, 1, 2, 10, 2, 1, 1, 6, 1, 10, 2, 1
182, 0, 1, 1, 2, 10, 2, 1, 3, 1, 1, 10, 2, 1
183, 0, 1, 1, 2, 10, 2, 1, 1, 6, 4, 10, 2, 1
184, 0, 1, 1, 2, 10, 2, 1, 3, 1, 1, 10, 2, 1
185, 0, 1, 1, 2, 10, 2, 1, 1, 6, 1, 10, 2, 1
186, 0, 1, 1, 2, 10, 2, 1, 3, 1, 4, 10, 2, 1
187, 0, 1, 1, 2, 10, 2, 1, 1, 6, 1, 10, 2, 1
188, 0, 1, 1, 2, 10, 2, 1, 3, 1, 1, 10, 2, 1
189, 0, 1, 1, 2, 10, 2, 1, 1, 6, 4, 10, 2, 1
190, 0, 1, 1, 2, 10, 2, 1, 3, 1, 1, 10, 2, 1
191, 0, 1, 1, 2, 10, 2, 1, 1, 6, 1, 10, 2, 1
192, 0, 1, 1, 2, 10, 2, 1, 3, 1, 4, 10, 2, 1
193, 0, 1, 1, 2, 10, 2, 1, 1, 6, 1, 10, 2, 1
194, 0, 1, 1, 2, 10, 2, 1, 3, 1, 1, 10, 2, 1
195, 0, 1, 1, 2, 10, 2, 1, 1, 6, 4, 10, 2, 1
196, 0, 1, 1, 2, 10, 2, 1, 3, 1, 1, 10, 2, 1
197, 0, 1, 1, 2, 10, 2, 1, 1, 6, 1, 10, 2, 1
198, 0, 1, 1, 2, 10, 2, 1, 3, 1, 4, 10, 2, 1
199, 0, 1, 1, 2, 10, 2, 1, 1, 6, 1, 10, 2, 1
200, 0, 1, 1, 2, 10, 2, 1, 3, 1, 1, 10, 2, 1
201, 0, 1, 1, 2, 10, 2, 1, 1, 6, 4, 10, 2, 1
202, 0, 1, 1, 2, 10, 2, 1, 3, 1, 1, 10, 2, 1
203, 0, 1, 1, 2, 10, 2, 1, 1, 6, 1, 10, 2, 1
204, 0, 1, 1, 2, 10, 2, 1, 3, 1, 4, 10, 2, 1
205, 0, 1, 1, 2, 10, 2, 1, 1, 6, 1, 10, 2, 1
206, 0, 1, 1, 2, 10, 2, 1, 3, 1, 1, 10, 2, 1
207, 0, 1, 1, 2, 10, 2, 1, 1, 6, 4, 10, 2, 1
208, 0, 1, 1, 2, 10, 2, 1, 3, 1, 1, 10, 2, 1
209, 0, 1, 1, 2, 10, 2, 1, 1, 6, 1, 10, 2, 1
210, 0, 1, 1, 2, 10, 2, 1, 3, 1, 4, 10, 2, 1
211, 0, 1, 1, 2, 10, 2, 1, 1, 6, 1, 10, 2, 1
212, 0, 1, 1, 2, 10, 2, 1, 3, 1, 1, 10, 2, 1
213, 0, 1, 1, 2, 10, 2, 1, 1, 6, 4, 10, 2, 1
214, 0, 1, 1, 2, 10, 2, 1, 3, 1, 1, 10, 2, 1
215, 0, 1, 1, 2, 10, 2, 1, 1, 6, 1, 10, 2, 1
216, 0, 1, 1, 2, 10, 2, 1, 3, 1, 4, 10, 2, 1
217, 0, 1, 1, 2, 10, 2, 1, 1, 6, 1, 10, 2, 1
218, 0, 1, 1, 2, 10, 2, 1, 3, 1, 1, 10, 2, 1
219, 0, 1, 1, 2, 10, 2, 1, 1, 6, 4, 10, 2, 1
220, 0, 1, 1, 2, 10, 2, 1, 3, 1, 1, 10, 2, 1
221, 0, 1, 1, 2, 10, 2, 1, 1, 6, 1, 10, 2, 1
222, 0, 1, 1, 2, 10, 2, 1, 3, 1, 4, 10, 2, 1
223, 0, 1, 1, 2, 10, 2, 1, 1, 6, 1, 10, 2, 1
224, 0, 1, 1, 2, 10, 2, 1, 3, 1, 1, 10, 2, 1
225, 0, 1, 1, 2, 10, 2, 1, 1, 6, 4, 10, 2, 1
226, 0, 1, 1, 2, 10, 2, 1, 3, 1, 1, 10, 2, 1
227, 0, 1, 1, 2, 10, 2, 1, 1, 6, 1, 10, 2, 1
228, 0, 1, 1, 2, 10, 2, 1, 3, 1, 4, 10, 2, 1
229, 0, 1, 1, 2, 10, 2, 1, 1, 6, 1, 10, 2, 1
230, 0, 1, 1, 2, 10, 2, 1, 3, 1, 1, 10, 2, 1
231, 0, 1, 1, 2, 10, 2, 1, 1, 6, 4, 10, 2, 1
232, 0, 1, 1, 2, 10, 2, 1, 3, 1, 1, 10, 2, 1
233, 0, 1, 1, 2, 10, 2, 1, 1, 6, 1, 10, 2, 1
234, 0, 1, 1, 2, 10, 2, 1, 3, 1, 4, 10, 2, 1
235, 0, 1, 1, 2, 10, 2, 1, 1, 6, 1, 10, 2, 1
236, 0, 1, 1, 2, 10, 2, 1, 3, 1, 1, 10, 2, 1
237, 0, 1, 1, 2, 10, 2, 1, 1, 6, 4, 10, 2, 1
238, 0, 1, 1, 2, 10, 2, 1, 3, 1, 1, 10, 2, 1
239, 0, 1, 1, 2, 10, 2, 1, 1, 6, 1, 10, 2, 1
240, 0, 1, 1, 2, 10, 2, 1, 3, 1, 4, 10, 2, 1
241, 0, 1, 1, 2, 10, 2, 1, 1, 6, 1, 10, 2, 1
242, 0, 1, 1, 2, 10, 2, 1, 3, 1, 1, 10, 2, 1
243, 0, 1, 1, 2, 10, 2, 1, 1, 6, 4, 10, 2, 1
244, 0, 1, 1, 2, 10, 2, 1, 3, 1, 1, 10, 2, 1
245, 0, 1, 1, 2, 10, 2, 1, 1, 6, 1, 10, 2, 1
246, 0, 1, 1, 2, 10, 2, 1, 3, 1, 4, 10, 2, 1
247, 0, 1, 1, 2, 10, 2, 1, 1, 6, 1, 10, 2, 1
248, 0, 1, 1, 2, 10, 2, 1, 3, 1, 1, 10, 2, 1
249, 0, 1, 1, 2, 10, 2, 1, 1, 6, 4, 10, 2, 1
250, 0, 1, 1, 2, 10, 2, 1, 3, 1, 1, 10, 2, 1
251, 0, 1, 1, 2, 10, 2, 1, 1, 6, 1, 10, 2, 1
252, 0, 1, 1, 2, 10, 2, 1, 3, 1, 4, 10, 2, 1
253, 0, 1, 1, 2, 10, 2, 1, 1, 6, 1, 10, 2, 1
254, 0, 1, 1, 2, 10, 2, 1, 3, 1, 1, 10, 2, 1
255, 0, 1, 1, 2, 10, 2, 1, 1, 6, 4, 10, 2, 1
256, 0, 1, 1, 2, 10, 1, 1, 3, 1, 1, 10, 2, 1
257, 0, 1, 1, 2, 10, 1, 5, 1, 6, 1, 10, 2, 1
258, 0, 1, 1, 2, 10, 1, 5, 3, 1, 4, 10, 2, 1
259, 0, 1, 1, 2, 10, 1, 5, 1, 6, 1, 10, 2, 1
260, 0, 1, 1, 2, 10, 1, 5, 3, 1, 1, 10, 2, 1
261, 0, 1, 1, 2, 10, 1, 5, 1, 6, 4, 10, 2, 1
262, 0, 1, 1, 2, 10, 1, 5, 3, 1, 1, 10, 2, 1
263, 0, 1, 1, 2, 10, 1, 5, 1, 6, 1, 10, 2, 1
264, 0, 1, 1, 2, 10, 1, 5, 3, 1, 4, 10, 2, 1
265, 0, 1, 1, 2, 10, 1, 5, 1, 6, 1, 10, 2, 1
266, 0, 1, 1, 2, 10, 1, 5, 3, 1, 1, 10, 2, 1
267, 0, 1, 1, 2, 10, 1, 5, 1, 6, 4, 10, 2, 1
268, 0, 1, 1, 2, 10, 1, 5, 3, 1, 1, 10, 2, 1
269, 0, 1, 1, 2, 10, 1, 5, 1, 6, 1, 10, 2, 1
270, 0, 1, 1, 2, 10, 1, 5, 3, 1, 4, 10, 2, 1
271, 0, 1, 1, 2, 10, 1, 5, 1, 6, 1, 10, 2, 1
272, 0, 1, 1, 2, 10, 1, 5, 3, 1, 1, 10, 2, 1
273, 0, 1, 1, 2, 10, 1, 5, 1, 6, 4, 10, 2, 1
274, 0, 1, 1, 2, 10, 1, 5, 3, 1, 1, 10, 2, 1
275, 0, 1, 1, 2, 10, 1, 5, 1, 6, 1, 10, 2, 1
276, 0, 1, 1, 2, 10, 1, 5, 3, 1, 4, 10, 2, 1
277, 0, 1, 1, 2, 10, 1, 5, 1, 6, 1, 10, 2, 1
278, 0, 1, 1, 2, 10, 1, 5, 3, 1, 1, 10, 2, 1
279, 0, 1, 1, 2, 10, 1, 5, 1, 6, 4, 10, 2, 1
280, 0, 1, 1, 2, 10, 1, 5, 3, 1, 1, 10, 2, 1
281, 0, 1, 1, 2, 10, 1, 5, 1, 6, 1, 10, 2, 1
282, 0, 1, 1, 2, 10, 1, 5, 3, 1, 4, 10, 2, 1
283, 0, 1, 1, 2, 10, 1, 5, 1, 6, 1, 10, 2, 1
284, 0, 1, 1, 2, 10, 1, 5, 3, 1, 1, 10, 2, 1
285, 0, 1, 1, 2, 10, 1, 5, 1, 6, 4, 10, 2, 1
286, 0, 1, 1, 2, 10, 1, 5, 3, 1, 1, 10, 2, 1
287, 0, 1, 1, 2, 10, 1, 5, 1, 6, 1, 10, 2, 1
288, 0, 1, 1, 2, 10, 1, 5, 3, 1, 4, 10, 2, 1
289, 0, 1, 1, 2, 10, 1, 5, 1, 6, 1, 10, 2, 1
290, 0, 1, 1, 2, 10, 1, 5, 3, 1, 1, 10, 2, 1
291, 0, 1, 1, 2, 10, 1, 5, 1, 6, 4, 10, 2, 1
292, 0, 1, 1, 2, 10, 1, 5, 3, 1, 1, 10, 2, 1
293, 0, 1, 1, 2, 10, 1, 5, 1, 6, 1, 10, 2, 1
294, 0, 1, 1, 2, 10, 1, 5, 3, 1, 4, 10, 2, 1
295, 0, 1, 1, 2, 10, 1, 5, 1, 6, 1, 10, 2, 1
296, 0, 1, 1, 2, 10, 1, 5, 3, 1, 1, 10, 2, 1
297, 0, 1, 1, 2, 10, 1, 5, 1, 6, 4, 10, 2, 1
298, 0, 1, 1, 2, 10, 1, 5, 3, 1, 1, 10, 2, 1
299, 0, 1, 1, 2, 10, 1, 5, 1, 6, 1, 10, 2, 1
300, 0, 1, 1, 2, 10, 1, 5, 3, 1, 4, 10, 2, 1
301, 0, 1, 1, 2, 10, 1, 5, 1, 6, 1, 10, 2, 1
302, 0, 1, 1, 2, 10, 1, 5, 3, 1, 1, 10, 2, 1
303, 0, 1, 1, 2, 10, 1, 5, 1, 6, 4, 10, 2, 1
304, 0, 1, 1, 2, 10, 1, 5, 3, 1, 1, 10, 2, 1
305, 0, 1, 1, 2, 10, 1, 5, 1, 6, 1, 10, 2, 1
306, 0, 1, 1, 2, 10, 1, 5, 3, 1, 4, 10, 2, 1
307, 0, 1, 1, 2, 10, 1, 5, 1, 6, 1, 10, 2, 1
308, 0, 1, 1, 2, 10, 1, 5, 3, 1, 1, 10, 2, 1
309, 0, 1, 1, 2, 10, 1, 5, 1, 6, 4, 10, 2, 1
310, 0, 1, 1, 2, 10, 1, 5, 3, 1, 1, 10, 2, 1
311, 0, 1, 1, 2, 10, 1, 5, 1, 6, 1, 10, 2, 1
312, 0, 1, 1, 2, 10, 1, 5, 3, 1, 4, 10, 2, 1
313, 0, 1, 1, 2, 10, 1, 5, 1, 6, 1, 10, 2, 1
314, 0, 1, 1, 2, 10, 1, 5, 3, 1, 1, 10, 2, 1
315, 0, 1, 1, 2, 10, 1, 5, 1, 6, 4, 10, 2, 1
316, 0, 1, 1, 2, 10, 1, 5, 3, 1, 1, 10, 2, 1
317, 0, 1, 1, 2, 10, 1, 5, 1, 6, 1, 10, 2, 1
318, 0, 1, 1, 2, 10, 1, 5, 3, 1, 4, 10, 2, 1
319, 0, 1, 1, 2, 10, 1, 5, 1, 6, 1, 10, 2, 1
320, 0, 1, 1, 2, 10, 1, 5, 3, 1, 1, 10, 2, 1
321, 0, 1, 1, 2, 10, 1, 5, 1, 6, 4, 10, 2, 1
322, 0, 1, 1, 2, 10, 1, 5, 3, 1, 1, 10, 2, 1
323, 0, 1, 1, 2, 10, 1, 5, 1, 6, 1, 10, 2, 1
324, 0, 1, 1, 2, 10, 1, 5, 3, 1, 4, 10, 2, 1
325, 0, 1, 1, 2, 10, 1, 5, 1, 6, 1, 10, 2, 1
326, 0, 1, 1, 2, 10, 1, 5, 3, 1, 1, 10, 2, 1
327, 0, 1, 1, 2, 10, 1, 5, 1, 6, 4, 10, 2, 1
328, 0, 1, 1, 2, 10, 1, 5, 3, 1, 1, 10, 2, 1
329, 0, 1, 1, 2, 10, 1, 5, 1, 6, 1, 10, 2, 1
330, 0, 1, 1, 2, 10, 1, 5, 3, 1, 4, 10, 2, 1
331, 0, 1, 1, 2, 10, 1, 5, 1, 6, 1, 10, 2, 1
332, 0, 1, 1, 2, 10, 1, 5, 3, 1, 1, 10, 2, 1
333, 0, 1, 1, 2, 10, 1, 5, 1, 6, 4, 10, 2, 1
334, 0, 1, 1, 2, 10, 1, 5, 3, 1, 1, 10, 2, 1
335, 0, 1, 1, 2, 10, 1, 5, 1, 6, 1, 10, 2, 1
336, 0, 1, 1, 2, 10, 1, 5, 3, 1, 4, 10, 2, 1
337, 0, 1, 1, 2, 10, 1, 5, 1, 6, 1, 10, 2, 1
338, 0, 1, 1, 2, 10, 1, 5, 3, 1, 1, 10, 2, 1
339, 0, 1, 1, 2, 10, 1, 5, 1, 6, 4, 10, 2, 1
340, 0, 1, 1, 2, 10, 1, 5, 3, 1, 1, 10, 2, 1
341, 0, 1, 1, 2, 10, 1, 5, 1, 6, 1, 10, 2, 1
342, 0, 1, 1, 2, 10, 1, 5, 3, 1, 4, 10, 2, 1
343, 0, 1, 1, 2, 10, 1, 5, 1, 6, 1, 10, 2, 1
344, 0, 1, 1, 2, 10, 1, 5, 3, 1, 1, 10, 2, 1
345, 0, 1, 1, 2, 10, 1, 5, 1, 6, 4, 10, 2, 1
346, 0, 1, 1, 2, 10, 1, 5, 3, 1, 1, 10, 2, 1
347, 0, 1, 1, 2, 10, 1, 5, 1, 6, 1, 10, 2, 1
348, 0, 1, 1, 2, 10, 1, 5, 3, 1, 4, 10, 2, 1
349, 0, 1, 1, 2, 10, 1, 5, 1, 6, 1, 10, 2, 1
350, 0, 1, 1, 2, 10, 1, 5, 3, 1, 1, 10, 2, 1
351, 0, 1, 1, 2, 10, 1, 5, 1, 6, 4, 10, 2, 1
352, 0, 1, 1, 2, 10, 1, 5, 3, 1, 1, 10, 2, 1
353, 0, 1, 1, 2, 10, 1, 5, 1, 6, 1, 10, 2, 1
354, 0, 1, 1, 2, 10, 1, 5, 3, 1, 4, 10, 2, 1
355, 0, 1, 1, 2, 10, 1, 5, 1, 6, 1, 10, 2, 1
356, 0, 1, 1, 2, 10, 1, 5, 3, 1, 1, 10, 2, 1
357, 0, 1, 1, 2, 10, 1, 5, 1, 6, 4, 10, 2, 1
358, 0, 1, 1, 2, 10, 1, 5, 3, 1, 1, 10, 2, 1
359, 0, 1, 1, 2, 10, 1, 5, 1, 6, 1, 10, 2, 1
360, 0, 1, 1, 2, 10, 1, 5, 3, 1, 4, 10, 2, 1
361, 0, 1, 1, 2, 10, 1, 5, 1, 6, 1, 10, 2, 1
362, 0, 1, 1, 2, 10, 1, 5, 3, 1, 1, 10, 2, 1
363, 0, 1, 1, 2, 10, 1, 5, 1, 6, 4, 10, 2, 1
364, 0, 1, 1, 2, 10, 1, 5, 3, 1, 1, 10, 2, 1
365, 0, 1, 1, 2, 10, 1, 5, 1, 6, 1, 10, 2, 1
366, 0, 1, 1, 2, 10, 1, 5, 3, 1, 4, 10, 2, 1
367, 0, 1, 1, 2, 10, 1, 5, 1, 6, 1, 10, 2, 1
368, 0, 1, 1, 2, 10, 1, 5, 3, 1, 1, 10, 2, 1
369, 0, 1, 1, 2, 10, 1, 5, 1, 6, 4, 10, 2, 1
370, 0, 1, 1, 2, 10, 1, 5, 3, 1, 1, 10, 2, 1
371, 0, 1, 1, 2, 10, 1, 5, 1, 6, 1, 10, 2, 1
372, 0, 1, 1, 2, 10, 1, 5, 3, 1, 4, 10, 2, 1
373, 0, 1, 1, 2, 10, 1, 5, 1, 6, 1, 10, 2, 1
374, 0, 1, 1, 2, 10, 1, 5, 3, 1, 1, 10, 2, 1
375, 0, 1, 1, 2, 10, 1, 5, 1, 6, 4, 10, 2, 1
376, 0, 1, 1, 2, 10, 1, 5, 3, 1, 1, 10, 2, 1
377, 0, 1, 1, 2, 10, 1, 5, 1, 6, 1, 10, 2, 1
378, 0, 1, 1, 2, 10, 1, 5, 3, 1, 4, 10, 2, 1
379, 0, 1, 1, 2, 10, 1, 5, 1, 6, 1, 10, 2, 1
380, 0, 1, 1, 2, 10, 1, 5, 3, 1, 1, 10, 2, 1
381, 0, 1, 1, 2, 10, 1, 5, 1, 6, 4, 10, 2, 1
382, 0, 1, 1, 2, 10, 1, 5, 3, 1, 1, 10, 2, 1
383, 0, 1, 1, 2, 10, 1, 5, 1, 6, 1, 10, 2, 1
384, 0, 1, 1, 2, 10, 1, 5, 3, 1, 4, 10, 2, 1
385, 0, 1, 1, 2, 10, 1, 5, 1, 6, 1, 10, 2, 1
386, 0, 1, 1, 2, 10, 1, 5, 3, 1, 1, 10, 2, 1
387, 0, 1, 1, 2, 10, 1, 5, 1, 6, 4, 10, 2, 1
388, 0, 1, 1, 2, 10, 1, 5, 3, 1, 1, 10, 2, 1
389, 0, 1, 1, 2, 10, 1, 5, 1, 6, 1, 10, 2, 1
390, 0, 1, 1, 2, 10, 1, 5, 3, 1, 4, 10, 2, 1
391, 0, 1, 1, 2, 10, 1, 5, 1, 6, 1, 10, 2, 1
392, 0, 1, 1, 2, 10, 1, 5, 3, 1, 1, 10, 2, 1
393, 0, 1, 1, 2, 10, 1, 5, 1, 6, 4, 10, 2, 1
394, 0, 1, 1, 2, 10, 1, 5, 3, 1, 1, 10, 2, 1
395, 0, 1, 1, 2, 10, 1, 5, 1, 6, 1, 10, 2, 1
396, 0, 1, 1, 2, 10, 1, 5, 3, 1, 4, 10, 2, 1
397, 0, 1, 1, 2, 10, 1, 5, 1, 6, 1, 10, 2, 1
398, 0, 1, 1, 2, 10, 1, 5, 3, 1, 1, 10, 2, 1
399, 0, 1, 1, 2, 10, 1, 5, 1, 6, 4, 10, 2, 1
400, 0, 1, 1, 2, 10, 1, 5, 3, 1, 1, 10, 2, 1
401, 0, 1, 1, 2, 10, 1, 5, 1, 6, 1, 10, 2, 1
402, 0, 1, 1, 2, 10, 1, 5, 3, 1, 4, 10, 2, 1
403, 0, 1, 1, 2, 10, 1, 5, 1, 6, 1, 10, 2, 1
404, 0, 1, 1, 2, 10, 1, 5, 3, 1, 1, 10, 2, 1
405, 0, 1, 1, 2, 10, 1, 5, 1, 6, 4, 10, 2, 1
406, 0, 1, 1, 2, 10, 1, 5, 3, 1, 1, 10, 2, 1
407, 0, 1, 1, 2, 10, 1, 5, 1, 6, 1, 10, 2, 1
408, 0, 1, 1, 2, 10, 1, 5, 3, 1, 4, 10, 2, 1
409, 0, 1, 1, 2, 10, 1, 5, 1, 6, 1, 10, 2, 1
410, 0, 1, 1, 2, 10, 1, 5, 3, 1, 1, 10, 2, 1
411, 0, 1, 1, 2, 10, 1, 5, 1, 6, 4, 10, 2, 1
412, 0, 1, 1, 2, 10, 1, 5, 3, 1, 1, 10, 2, 1
413, 0, 1, 1, 2, 10, 1, 5, 1, 6, 1, 10, 2, 1
414, 0, 1, 1, 2, 10, 1, 5, 3, 1, 4, 10, 2, 1
415, 0, 1, 1, 2, 10, 1, 5, 1, 6, 1, 10, 2, 1
416, 0, 1, 1, 2, 10, 1, 5, 3, 1, 1, 10, 2, 1
417, 0, 1, 1, 2, 10, 1, 5, 1, 6, 4, 10, 2, 1
418, 0, 1, 1, 2, 10, 1, 5, 3, 1, 1, 10, 2, 1
419, 0, 1, 1, 2, 10, 1, 5, 1, 6, 1, 10, 2, 1
420, 0, 1, 1, 2, 10, 1, 5, 3, 1, 4, 10, 2, 1
421, 0, 1, 1, 2, 10, 1, 5, 1, 6, 1, 10, 2, 1
422, 0, 1, 1, 2, 10, 1, 5, 3, 1, 1, 10, 2, 1
423, 0, 1, 1, 2, 10, 1, 5, 1, 6, 4, 10, 2, 1
424, 0, 1, 1, 2, 10, 1, 5, 3, 1, 1, 10, 2, 1
425, 0, 1, 1, 2, 10, 1, 5, 1, 6, 1, 10, 2, 1
426, 0, 1, 1, 2, 10, 1, 5, 3, 1, 4, 10, 2, 1
427, 0, 1, 1, 2, 10, 1, 5, 1, 6, 1, 10, 2, 1
428, 0, 1, 1, 2, 10, 1, 5, 3, 1, 1, 10, 2, 1
429, 0, 1, 1, 2, 10, 1, 5, 1, 6, 4, 10, 2, 1
430, 0, 1, 1, 2, 10, 1, 5, 3, 1, 1, 10, 2, 1
431, 0, 1, 1, 2, 10, 1, 5, 1, 6, 1, 10, 2, 1
432, 0, 1, 1, 2, 10, 1, 5, 3, 1, 4, 10, 2, 1
433, 0, 1, 1, 2, 10, 1, 5, 1, 6, 1, 10, 2, 1
434, 0, 1, 1, 2, 10, 1, 5, 3, 1, 1, 10, 2, 1
435, 0, 1, 1, 2, 10, 1, 5, 1, 6, 4, 10, 2, 1
436, 0, 1, 1, 2, 10, 1, 5, 3, 1, 1, 10, 2, 1
437, 0, 1, 1, 2, 10, 1, 5, 1, 6, 1, 10, 2, 1
438, 0, 1, 1, 2, 10, 1, 5, 3, 1, 4, 10, 2, 1
439, 0, 1, 1, 2, 10, 1, 5, 1, 6, 1, 10, 2, 1
440, 0, 1, 1, 2, 10, 1, 5, 3, 1, 1, 10, 2, 1
441, 0, 1, 1, 2, 10, 1, 5, 1, 6, 4, 10, 2, 1
442, 0, 1, 1, 2, 10, 1, 5, 3, 1, 1, 10, 2, 1
443, 0, 1, 1, 2, 10, 1, 5, 1, 6, 1, 10, 2, 1
444, 0, 1, 1, 2, 10, 1, 5, 3, 1, 4, 10, 2, 1
445, 0, 1, 1, 2, 10, 1, 5, 1, 6, 1, 10, 2, 1
446, 0, 1, 1, 2, 10, 1, 5, 3, 1, 1, 10, 2, 1
447, 0, 1, 1, 2, 10, 1, 5, 1, 6, 4, 10, 2, 1
448, 0, 1, 1, 2, 10, 1, 5, 3, 1, 1, 10, 2, 1
449, 0, 1, 1, 2, 10, 1, 5, 1, 6, 1, 10, 2, 1
450, 0, 1, 1, 2, 10, 1, 5, 3, 1, 4, 10, 2, 1
451, 0, 1, 1, 2, 10, 1, 5, 1, 6, 1, 10, 2, 1
452, 0, 1, 1, 2, 10, 1, 5, 3, 1, 1, 10, 2, 1
453, 0, 1, 1, 2, 10, 1, 5, 1, 6, 4, 10, 2, 1
454, 0, 1, 1, 2, 10, 1, 5, 3, 1, 1, 10, 2, 1
455, 0, 1, 1, 2, 10, 1, 5, 1, 6, 1, 10, 2, 1
456, 0, 1, 1, 2, 10, 1, 5, 3, 1, 4, 10, 2, 1
457, 0, 1, 1, 2, 10, 1, 5, 1, 6, 1, 10, 2, 1
458, 0, 1, 1, 2, 10, 1, 5, 3, 1, 1, 10, 2, 1
459, 0, 1, 1, 2, 10, 1, 5, 1, 6, 4, 10, 2, 1
460, 0, 1, 1, 2, 10, 1, 5, 3, 1, 1, 10, 2, 1
461, 0, 1, 1, 2, 10, 1, 5, 1, 6, 1, 10, 2, 1
462, 0, 1, 1, 2, 10, 1, 5, 3, 1, 4, 10, 2, 1
463, 0, 1, 1, 2, 10, 1, 5, 1, 6, 1, 10, 2, 1
464, 0, 1, 1, 2, 10, 1, 5, 3, 1, 1, 10, 2, 1
465, 0, 1, 1, 2, 10, 1, 5, 1, 6, 4, 10, 2, 1
466, 0, 1, 1, 2, 10, 1, 5, 3, 1, 1, 10, 2, 1
467, 0, 1, 1, 2, 10, 1, 5, 1, 6, 1, 10, 2, 1
468, 0, 1, 1, 2, 10, 1, 5, 3, 1, 4, 10, 2, 1
469, 0, 1, 1, 2, 10, 1, 5, 1, 6, 1, 10, 2, 1
470, 0, 1, 1, 2, 10, 1, 5, 3, 1, 1, 10, 2, 1
471, 0, 1, 1, 2, 10, 1, 5, 1, 6, 4, 10, 2, 1
472, 0, 1, 1, 2, 10, 1, 5, 3, 1, 1, 10, 2, 1
473, 0, 1, 1, 2, 10, 1, 5, 1, 6, 1, 10, 2, 1
474, 0, 1, 1, 2, 10, 1, 5, 3, 1, 4, 10, 2, 1
475, 0, 1, 1, 2, 10, 1, 5, 1, 6, 1, 10, 2, 1
476, 0, 1, 1, 2, 10, 1, 5, 3, 1, 1, 10, 2, 1
477, 0, 1, 1, 2, 10, 1, 5, 1, 6, 4, 10, 2, 1
478, 0, 1, 1, 2, 10, 1, 5, 3, 1, 1, 10, 2, 1
479, 0, 1, 1, 2, 10, 1, 5, 1, 6, 1, 10, 2, 1
480, 0, 1, 1, 2, 10, 1, 5, 3, 1, 4, 10, 2, 1
481, 0, 1, 1, 2, 10, 1, 5, 1, 6, 1, 10, 2, 1
482, 0, 1, 1, 2, 10, 1, 5, 3, 1, 1, 10, 2, 1
483, 0, 1, 1, 2, 10, 1, 5, 1, 6, 4, 10, 2, 1
484, 0, 1, 1, 2, 10, 1, 5, 3, 1, 1, 10, 2, 1
485, 0, 1, 1, 2, 10, 1, 5, 1, 6, 1, 10, 2, 1
486, 0, 1, 1, 2, 10, 1, 5, 3, 1, 4, 10, 2, 1
487, 0, 1, 1, 2, 10, 1, 5, 1, 6, 1, 10, 2, 1
488, 0, 1, 1, 2, 10, 1, 5, 3, 1, 1, 10, 2, 1
489, 0, 1, 1, 2, 10, 1, 5, 1, 6, 4, 10, 2, 1
490, 0, 1, 1, 2, 10, 1, 5, 3, 1, 1, 10, 2, 1
491, 0, 1, 1, 2, 10, 1, 5, 1, 6, 1, 10, 2, 1
492, 0, 1, 1, 2, 10, 1, 5, 3, 1, 4, 10, 2, 1
493, 0, 1, 1, 2, 10, 1, 5, 1, 6, 1, 10, 2, 1
494, 0, 1, 1, 2, 10, 1, 5, 3, 1, 1, 10, 2, 1
495, 0, 1, 1, 2, 10, 1, 5, 1, 6, 4, 10, 2, 1
496, 0, 1, 1, 2, 10, 1, 5, 3, 1, 1, 10, 2, 1
497, 0, 1, 1, 2, 10, 1, 5, 1, 6, 1, 10, 2, 1
498, 0, 1, 1, 2, 10, 1, 5, 3, 1, 4, 10, 2, 1
499, 0, 1, 1, 2, 10, 1, 5, 1, 6, 1, 10, 2, 1
500, 0, 1, 1, 2, 10, 1, 5, 3, 1, 1, 10, 2, 1
501, 0, 1, 1, 2, 10, 1, 5, 1, 6, 4, 10, 2, 1
502, 0, 1, 1, 2, 10, 1, 5, 3, 1, 1, 10, 2, 1
503, 0, 1, 1, 2, 10, 1, 5, 1, 6, 1, 10, 2, 1
504, 0, 1, 1, 2, 10, 1, 5, 3, 1, 4, 10, 2, 1
505, 0, 1, 1, 2, 10, 1, 5, 1, 6, 1, 10, 2, 1
506, 0, 1, 1, 2, 10, 1, 5, 3, 1, 1, 10, 2, 1
507, 0, 1, 1, 2, 10, 1, 5, 1, 6, 4, 10, 2, 1
508, 0, 1, 1, 2, 10, 1, 5, 3, 1, 1, 10, 2, 1
509, 0, 1, 1, 2, 10, 1, 5, 1, 6, 1, 10, 2, 1
510, 0, 1, 1, 2, 10, 1, 5, 3, 1, 4, 10, 2, 1
511, 0, 1, 1, 2, 10, 1, 5, 1, 6, 1, 10, 2, 1
